,y_3m,y_6m,y_1y,y_2y,y_3y,y_5y,y_7y,y_10y,y_30y
1992-01-01,0.6054338232677599,0.036140017848492106,-0.3742101418390788,-0.38940103900627254,-0.34130656280802685,-0.1165116909161579,0.04293674728094857,0.1472710120249022,0.4322961093197885
1992-02-01,0.6053843996787197,0.045066545131432684,-0.37020415197765166,-0.39084242757075854,-0.3448287223375886,-0.11672255418849649,0.03983207254079621,0.1454201464375038,0.43174668777721537
1992-03-01,0.6195098718785675,0.03749585700569205,-0.3755969909393482,-0.3891382341233836,-0.3408428582626269,-0.10594963169790163,0.04380778026055961,0.14220910992899857,0.4156418932799457
1992-04-01,0.6230503213861088,0.034510016832246554,-0.37682923666938506,-0.3891542022314089,-0.33920633439760584,-0.102334330569315,0.046110102354409314,0.14127730122552046,0.4117735046678913
1992-05-01,0.6267056489165269,0.03206614315949943,-0.37750072924411027,-0.388130611122819,-0.3378185691280214,-0.09885184335612474,0.046780228965078344,0.13863222154578161,0.40958425867363546
1992-06-01,0.628588958218479,0.0329109674334262,-0.3749414228860816,-0.3887836509817069,-0.3375953602662891,-0.09828219264387206,0.04589584723611558,0.13689163256989925,0.40936930446298925
1992-07-01,0.6315684794747698,0.03389949622974431,-0.37297383790443395,-0.38882164412715703,-0.33703100431650423,-0.09622821219405893,0.044299181711930445,0.13517669021104373,0.40816100183257636
1992-08-01,0.6307994943874062,0.04607231990497279,-0.36275587771090806,-0.391816367123684,-0.3411895162721743,-0.10084525204660358,0.03733811464409318,0.1326499399574422,0.41144532396064715
1992-09-01,0.6216948208829913,0.08599400580082345,-0.3418690469283349,-0.4039169947996098,-0.3601026569352282,-0.10752013878759063,0.031867977875857385,0.12430981503706905,0.4103342476723056
1992-10-01,0.5902813758490878,0.15162557448414438,-0.30309691701785874,-0.4147433600359152,-0.3903728881825395,-0.12919407420720433,0.014578942285637251,0.11321996194431523,0.42729893600309354
1992-11-01,0.5865901045410309,0.16364431648052688,-0.2868111896506919,-0.412295892750479,-0.38393451964679803,-0.1390182764684205,-0.00728245476536733,0.08934816242022665,0.4495732425383607
1992-12-01,0.5863742541394996,0.16807710582177787,-0.28218173515615724,-0.4114498069320822,-0.385728477568973,-0.14064729792127054,-0.010677910951985902,0.08568117376008223,0.4505268506552033
1993-01-01,0.5860093507998121,0.1705920998681807,-0.2784026739906107,-0.410471918535049,-0.38698665311769154,-0.14408046849646594,-0.012634649490199318,0.08435965307961495,0.45133368467015056
1993-02-01,0.584538622369256,0.17414687101187304,-0.2734847233595843,-0.4096663301832943,-0.3889645359680407,-0.14596477925363938,-0.016649725527670765,0.0818237846114458,0.4536469973082875
1993-03-01,0.5826892788797324,0.1776936682153497,-0.26699736508737976,-0.4097533891822418,-0.3911803820800741,-0.14682626705541205,-0.020293403994831954,0.07658838013097254,0.4570066579452972
1993-04-01,0.5810853285771687,0.180616045552308,-0.2613539756139638,-0.41209257573447616,-0.3934887646714517,-0.14551728865189756,-0.019861309112058526,0.07017064419821557,0.45854597733554386
1993-05-01,0.5785515032853036,0.18348098728833528,-0.2533376741500161,-0.41209651649635326,-0.395046847092467,-0.14710768538683372,-0.024793533097293353,0.06392796536746237,0.46390212627320826
1993-06-01,0.5756220433716519,0.1866982311554265,-0.24635094178559436,-0.4120845114015059,-0.39484542177941173,-0.15016702586720776,-0.03065353644149252,0.05932215018619465,0.46945585847379157
1993-07-01,0.5759655531141956,0.18690094583831046,-0.24422284916146422,-0.4119953908520466,-0.3937977693384395,-0.1517097132844157,-0.03313349851466742,0.05806126044978082,0.4705159476629041
1993-08-01,0.5765894973121746,0.18721972938820042,-0.24402927763511825,-0.41030448764360544,-0.3933036373686223,-0.15367869403304843,-0.03421516323378587,0.05699831609460833,0.47102960203545113
1993-09-01,0.5778862603594421,0.1869696082488568,-0.24571766493635364,-0.4088442360303258,-0.3924757167429857,-0.15538709948232035,-0.03293486866422035,0.056335347768366816,0.47023221878290206
1993-10-01,0.5784560733747665,0.18742783136746002,-0.24691441349942944,-0.40810666806472096,-0.39215651010654334,-0.1566148344391345,-0.03279431660324206,0.056966575161536,0.4691545655960644
1993-11-01,0.5788264676284984,0.1877746320004159,-0.24681557336549956,-0.40812335547860845,-0.3920646823922721,-0.15758848368141362,-0.032888727082740106,0.05718862930870776,0.46831288082570555
1993-12-01,0.5781862729735807,0.1887713811445084,-0.2456833188937349,-0.40697398638671495,-0.3915926840041693,-0.15986699640091478,-0.03459719439441823,0.05601416778319883,0.46993727354970666
1994-01-01,0.5777499163315125,0.18876524625835722,-0.24400620326700234,-0.4058588499600472,-0.390271465604802,-0.16344366029533403,-0.036271102744427686,0.055265998584936075,0.4721405640382303
1994-02-01,0.5762688710755358,0.1903600473542032,-0.24274493025846422,-0.40573804643374056,-0.38997025683909525,-0.16670388566778035,-0.035585461374887946,0.05473375319174429,0.4732860462711457
1994-03-01,0.5741889465676611,0.19152943376302384,-0.24029967405353087,-0.40572363052686927,-0.38948021738138333,-0.17255602976101347,-0.03476281687171835,0.05651280854805044,0.47475820984857037
1994-04-01,0.5729257767289206,0.19135354292765036,-0.23810996281909694,-0.40287292976314576,-0.38951485201174413,-0.17782585722975622,-0.036899410604510886,0.058643693227684014,0.4774855174174136
1994-05-01,0.5693161131643378,0.19320804802083605,-0.23507846422038842,-0.39536139967561745,-0.3911437130565293,-0.18798454212684143,-0.04034404778937536,0.06127170451169595,0.4829739500942704
1994-06-01,0.5729159296356882,0.1928450328685458,-0.23287311119839316,-0.3886908562992807,-0.3898786877418507,-0.1953314539954595,-0.04319890599782314,0.05903783802523053,0.483483488140316
1994-07-01,0.5696796866774433,0.20424024470769486,-0.21883400147991072,-0.3853674397107716,-0.3923667992373484,-0.20311342533632104,-0.05250622878303544,0.051567389037504775,0.48655084509957347
1994-08-01,0.5704987097725723,0.20947938169579705,-0.20938215447264721,-0.3793217569051382,-0.3927417812837226,-0.2105320180782531,-0.060632696970708576,0.04660856627555755,0.4883699510870316
1994-09-01,0.5734173114440221,0.21047681968912915,-0.20824218352306367,-0.37779650800309766,-0.39215174652773205,-0.21399387389630048,-0.05870866222366503,0.0476141543099782,0.485290533362674
1994-10-01,0.5759196062419518,0.21163685312798522,-0.20774941170195374,-0.37658623820423454,-0.3912836217658335,-0.2165002544837855,-0.057106111373650174,0.048977090998886086,0.4826119978038356
1994-11-01,0.5781307282604619,0.212094466811023,-0.20506074548785697,-0.3735248278474848,-0.39147442670749394,-0.22011451374415048,-0.05660840176024935,0.04847489300618629,0.48161513628835495
1994-12-01,0.5800092390483946,0.21448314470005525,-0.2019718583977584,-0.37070336672775334,-0.3923257648022929,-0.2250980655515781,-0.05598481032015816,0.048048588995416974,0.4788956408617038
1995-01-01,0.5924001819299891,0.21309784835682888,-0.20485492487790352,-0.37037439678231004,-0.3898637801237274,-0.22624615591005245,-0.054640832576042624,0.051623434176161796,0.4644102795796325
1995-02-01,0.5983007481513297,0.2159481377139532,-0.19979583190530742,-0.367300731837839,-0.3897663969198537,-0.2322373076463843,-0.05870209700395705,0.05218043855421743,0.4566767663599601
1995-03-01,0.598546010606475,0.22085771670905552,-0.19210428482882322,-0.3640802181801063,-0.3896723070254857,-0.2391568369708317,-0.0636887376961256,0.050164994211745445,0.45595262818786375
1995-04-01,0.5996491070234163,0.22731565361123768,-0.18258408692607814,-0.36012908080636213,-0.3895576575360205,-0.24571157349296116,-0.06993718501643544,0.04493619224298734,0.45461942469893435
1995-05-01,0.6000864835774509,0.23270893163145298,-0.17373297827855563,-0.3558835320084409,-0.38917204406544176,-0.25190188626189175,-0.07631227898018028,0.038733794150492974,0.4546132624038174
1995-06-01,0.5971833331836126,0.23445237956336595,-0.16807863142368715,-0.3528790090116542,-0.3876694066827153,-0.2569239578101951,-0.081301007260924,0.03538710600199293,0.4598592577246411
1995-07-01,0.5923483276206549,0.23349315943983295,-0.16602118062761076,-0.35184920136715986,-0.3863995569657711,-0.25862705499655153,-0.0848738456531681,0.03577458334709359,0.4675120839625163
1995-08-01,0.5868364799243428,0.23282244070744795,-0.16197557949927907,-0.3493692738970239,-0.3854376372516154,-0.26164074089213746,-0.08856734797062649,0.033161514426429596,0.47661280759676805
1995-09-01,0.5842720755979757,0.23375884087698182,-0.15713085448628608,-0.3473761867249265,-0.38496890194892414,-0.26499618388034774,-0.09240476545217391,0.031201134276110445,0.48029828341963415
1995-10-01,0.582304329877789,0.23594275118914987,-0.15261993156235978,-0.34597515998962786,-0.3855223553233556,-0.26684995787689325,-0.09614326678648173,0.029532205936969494,0.48198440360459616
1995-11-01,0.5796142772526739,0.23586597741814438,-0.14899644785459087,-0.3452655608380939,-0.3868030186707723,-0.26776923311063183,-0.09857130704644967,0.030867669662823706,0.48478884916072273
1995-12-01,0.5756037925110247,0.23345853892661073,-0.14895034026536222,-0.34771764321688914,-0.38863358528109737,-0.26653171900216255,-0.09570685616227068,0.03674551128628528,0.4883629445615819
1996-01-01,0.5755790137914792,0.23042563240900427,-0.15475429258524828,-0.3502168423675613,-0.38993294911232185,-0.2602971842258135,-0.09262807343197661,0.04298482172944376,0.4886533692241591
1996-02-01,0.5756553212735355,0.22656367423709634,-0.16092265746396778,-0.3515273168348715,-0.3914036250314285,-0.25416370207229805,-0.08858588958017018,0.04724187231040863,0.48984391082090467
1996-03-01,0.5759164028071972,0.22342065651670232,-0.16605584971348497,-0.35478793974946143,-0.3915838112559435,-0.2504404895229683,-0.08366663314491839,0.052735745695685884,0.48899386028600444
1996-04-01,0.5774750625960006,0.22396429487593983,-0.16889524628273617,-0.35667982850039376,-0.391546959828939,-0.24717944790864987,-0.08266369649500246,0.053937670705683574,0.4862789139633849
1996-05-01,0.5776615025943832,0.22558792308601008,-0.16840413125100792,-0.35836243436367526,-0.39204653029470915,-0.2464362643415917,-0.08387443515568324,0.05618747682387622,0.48374623912687525
1996-06-01,0.580847098366425,0.22608735984930844,-0.1733324966125919,-0.3634610869258406,-0.3941607449209535,-0.2413720852963993,-0.07891942707014746,0.06243513542531977,0.4749773041343909
1996-07-01,0.584264698609996,0.22681150521130747,-0.17899185927496328,-0.3687090917215436,-0.3958641442728276,-0.23636903975100543,-0.07326499372735441,0.06892837148657198,0.4653054907066824
1996-08-01,0.5856538920232386,0.2275739519198108,-0.1812952402964176,-0.37039864947012785,-0.39658874224061197,-0.235113588315912,-0.0703979488829744,0.07087140152277002,0.46110393062594496
1996-09-01,0.585379365966519,0.22989416389696937,-0.1809171498597701,-0.3703061166759709,-0.39718744716704085,-0.23532608336979305,-0.07002777892757639,0.06970620615912984,0.4601336299879227
1996-10-01,0.5854601581037816,0.23226051769728187,-0.18117966781994566,-0.37039841867194856,-0.3971638437853321,-0.23607861371891156,-0.06936499780308161,0.0694742039142762,0.4584321062169773
1996-11-01,0.5860091815549532,0.23277803880498643,-0.18114459527551924,-0.37092268672176887,-0.3975991185367459,-0.235330868069705,-0.06877672886306484,0.06946775008670238,0.45715307786136694
1996-12-01,0.5864890637767505,0.23312247759570318,-0.1814258054946775,-0.37190198840122474,-0.39783658647288705,-0.23401095391595964,-0.06781850317301864,0.06967565595235004,0.4560361324935329
1997-01-01,0.5876791160803575,0.23381352740535533,-0.18117843678438988,-0.3726436603052873,-0.39778221296288696,-0.23269671965372393,-0.06784570926353828,0.06856021103449765,0.45452565638706777
1997-02-01,0.5874588761046207,0.23592455291508801,-0.18017411324820023,-0.37375035750378055,-0.39841983854797547,-0.23187543768192984,-0.06773500763823197,0.06779850690835042,0.4532001525277746
1997-03-01,0.5874093629893343,0.23776253401370998,-0.17936447368229383,-0.37531102168520586,-0.39920180734870236,-0.23064562807644806,-0.06695916477512744,0.06739967297353687,0.45144601656073163
1997-04-01,0.5872556221529597,0.24011356724847344,-0.17778870992580606,-0.3763717363733941,-0.4001554634899055,-0.23026359997520757,-0.06734808799979751,0.06774607405137545,0.44937821911412357
1997-05-01,0.5871358272435366,0.2424233474840959,-0.1756628120803715,-0.37667558354072916,-0.40034998127621124,-0.231929120460624,-0.06869797295360801,0.06883934671936505,0.44747182102087335
1997-06-01,0.5895031222056704,0.2440970027539324,-0.17083134234263436,-0.37342125002817916,-0.39923283122783065,-0.236759637949155,-0.07322651447396274,0.06541301876520354,0.44631040713737974
1997-07-01,0.5916324194328136,0.24627730883223128,-0.16923311788844606,-0.3709275744860672,-0.39827283228802024,-0.24114364516636455,-0.07514326975045914,0.06494311743477163,0.44323337835985194
1997-08-01,0.5949866230157587,0.24506692500008773,-0.16666432887040808,-0.3693816415419151,-0.3972208684543519,-0.24381896378996074,-0.07723208228054125,0.06474984904469802,0.44082182585863633
1997-09-01,0.5964975115583874,0.24555096977957228,-0.16314728703974316,-0.3681135397055227,-0.39707720989173034,-0.24560906507286492,-0.079959634400467,0.06353592618376665,0.43971166012644153
1997-10-01,0.5985900711276853,0.2476374699663051,-0.15611363027758177,-0.3660018529604191,-0.396069798139518,-0.2504388236634866,-0.08471475290698048,0.06016856804392582,0.4377774011416745
1997-11-01,0.5995255878336196,0.2541836796225994,-0.14835882021170702,-0.3632512656427932,-0.3945904236414945,-0.25658485671396636,-0.0911765842141839,0.055098265453496276,0.43486955001599825
1997-12-01,0.5994166641327399,0.2584308173145178,-0.1441180460847601,-0.3620873596095992,-0.39494299310105524,-0.26082617004483916,-0.09272069280340274,0.05501176275421148,0.43174324375795364
1998-01-01,0.5974597629137224,0.26421995245621105,-0.1371031260586279,-0.3595134510743758,-0.3951886870560402,-0.2678532272421156,-0.09533970795680703,0.05307654158738308,0.4305301741381222
1998-02-01,0.5960001576943432,0.2660423545929474,-0.13598065410686563,-0.3589857723144517,-0.39565108951406935,-0.2698990142629707,-0.09497347053651939,0.054611464010339825,0.4304138937517312
1998-03-01,0.5955380007893427,0.26546647890323194,-0.1365493564658076,-0.35954764293075414,-0.396306995334852,-0.2695934661587224,-0.09318675348145085,0.056767955748558654,0.4304597083760225
1998-04-01,0.5959107229060849,0.2657109442904236,-0.13505009536792528,-0.35930549546543633,-0.39632932854348185,-0.27080123785358456,-0.09353433666000244,0.0575925012483489,0.42950357583850385
1998-05-01,0.5963820953366855,0.2667405578843706,-0.1317389038325877,-0.3582639411138769,-0.39630880927652357,-0.2730892471421355,-0.09529613339238706,0.057243685096561615,0.42833757612202555
1998-06-01,0.5969226586847991,0.2682050408228611,-0.12712949273475585,-0.3562822766735554,-0.39625254319354464,-0.2764405320808125,-0.0979391519465355,0.05642771100163047,0.42712857222834577
1998-07-01,0.5976694494796962,0.26904255790663784,-0.12383169293274274,-0.35476112070250876,-0.39626760559349994,-0.27930940902091167,-0.09868457797057865,0.05692056989926809,0.4256726815755242
1998-08-01,0.5975834624962473,0.27079157785108415,-0.12092661932170448,-0.35311963196914187,-0.3962318832505856,-0.28169286398374377,-0.09986098546523252,0.05701483169571728,0.4250596694562653
1998-09-01,0.5962291326377404,0.2728192238090643,-0.11810391511335591,-0.35208657803061516,-0.39645911678162504,-0.2834753273428932,-0.1005119265285954,0.057647473065068525,0.4256794901133384
1998-10-01,0.5937693075938777,0.27186243389401665,-0.1214681004367072,-0.3545841985571942,-0.39764753896523325,-0.2806088890730677,-0.09620657182164914,0.062742074816897,0.4277700162711591
1998-11-01,0.5924636355478435,0.2701207511260197,-0.12719023247848912,-0.35894892628368175,-0.397762872505386,-0.27684558016179106,-0.09013269211128459,0.06797132725925756,0.42824893687076443
1998-12-01,0.5924914227166141,0.2680662235760743,-0.1326106825333198,-0.36176028865723203,-0.3976338104171423,-0.27348655841391284,-0.08435663368603957,0.07277936517563274,0.4281563870263253
1999-01-01,0.591082773614249,0.26672805560210555,-0.1362021018013261,-0.3647749905310327,-0.39858564892833553,-0.26990964068275586,-0.07880338099289903,0.07786845788358901,0.42880099065300137
1999-02-01,0.5907452458137524,0.26546661395614685,-0.13973724030784754,-0.367624769821027,-0.39937184746723675,-0.2658932956091885,-0.07393702843793647,0.08251523302164436,0.4282528443036122
1999-03-01,0.5907158475191581,0.26496949272187126,-0.14198551764041956,-0.36991863064723074,-0.3998288164135524,-0.2623553261456238,-0.0706199121104567,0.08698632102703367,0.4273161397290674
1999-04-01,0.5900841427356978,0.26546303193429743,-0.14268864910522663,-0.37212261491013815,-0.4004807008030172,-0.25876762057246,-0.06866188314233755,0.09178808882275882,0.42662607918210843
1999-05-01,0.5900219743245944,0.2654314505419334,-0.14387118309844915,-0.37457557549844805,-0.40101156028215057,-0.2549404428677873,-0.06619732132116649,0.09640813984616262,0.42536210470953817
1999-06-01,0.5904468063965778,0.2650807097056822,-0.1445666726629091,-0.3766230775833304,-0.4006776262315561,-0.2521904115104709,-0.06434537384923092,0.10045766744660442,0.4242472001555989
1999-07-01,0.5903673945993493,0.2635064817080583,-0.1423277842510439,-0.37803968869707355,-0.3993797965649563,-0.2501021794360231,-0.06782429871168426,0.10271825169999307,0.4262076633530613
1999-08-01,0.5880374936223777,0.2679835204235262,-0.14217911722970175,-0.3793015338627209,-0.3992860877245683,-0.246299557760238,-0.07098210505032465,0.10155116390559137,0.42763095512095417
1999-09-01,0.5878547710990568,0.26752513278667406,-0.14167923160820953,-0.3793944830502829,-0.39823950655204343,-0.24383175698166087,-0.07488527351215818,0.10338993305846014,0.42953228079745287
1999-10-01,0.5887099634395087,0.26601120122199146,-0.14207207990775939,-0.38047850278715806,-0.39704896062753703,-0.23920172808481976,-0.0787793856487506,0.10584906634421579,0.4306212866263145
1999-11-01,0.5892982554063133,0.26507610162662143,-0.14293041693955202,-0.3795790915895469,-0.39597419797902633,-0.23638456392219367,-0.0830845341874399,0.10799986786011224,0.4321025304928046
1999-12-01,0.5901074968201047,0.2641573344507947,-0.14345041397049008,-0.37857912918001496,-0.3948037293750432,-0.23639580252876158,-0.08299774090422143,0.10808509781553899,0.4333242354021979
2000-01-01,0.5922894259932443,0.26310181437302427,-0.14514665488938366,-0.3782847646733841,-0.393218870022562,-0.23400113320943505,-0.08383635946735836,0.10805042901695905,0.43326979591939235
2000-02-01,0.5936927860400977,0.26350465540854295,-0.14704915717736108,-0.3778632019158074,-0.39152111536074663,-0.23188875015820487,-0.08271239783741131,0.10685296235475181,0.4340161815532642
2000-03-01,0.5908611269507565,0.26371727881695145,-0.13767521735140598,-0.3746178793608569,-0.3881335633266643,-0.2366911537366603,-0.08832307035864122,0.10385247796937783,0.44360639910452065
2000-04-01,0.5898706089209659,0.2638157048204792,-0.13091082007942123,-0.373177334057947,-0.38621144607256475,-0.2389505941771434,-0.09005167027798815,0.10593037933325507,0.4477362583398915
2000-05-01,0.5905372261709297,0.2642707901061294,-0.1255288812054669,-0.37225203345597446,-0.3852353484487513,-0.23898296446396242,-0.08930252696046381,0.10947494078073816,0.44901984654950094
2000-06-01,0.5911524317021745,0.26124949517822393,-0.11282456153608521,-0.37142062315043683,-0.3834228213310406,-0.24078216834501542,-0.09097660136551955,0.11043894210254693,0.4540288849129857
2000-07-01,0.5931963021445876,0.25923979088341675,-0.10788996844214108,-0.37133357452827254,-0.38231603993814556,-0.23888074251382949,-0.08917777095179587,0.11404260055800222,0.45518793478124286
2000-08-01,0.5947838628188303,0.260145716465287,-0.1080569389927463,-0.3706488984991873,-0.38268105514158324,-0.23443412064811525,-0.08402394404239603,0.11951981231040693,0.45469803069338766
2000-09-01,0.5979975831594702,0.261363664773648,-0.10956200931267697,-0.3700865628372561,-0.3814416444245268,-0.22720149373935358,-0.07822260102270658,0.1254243332523957,0.4540393615678587
2000-10-01,0.6013282786800782,0.2632245301034923,-0.11174733954080995,-0.36983145077317714,-0.3803322141409908,-0.21619670977562297,-0.07364729775545428,0.13195722271277105,0.4534579744717977
2000-11-01,0.6046481697414821,0.26537956063821816,-0.11654602459138731,-0.37152562322214183,-0.37941339186875284,-0.20164536417965018,-0.06700968833880497,0.14018669872322534,0.4512228179186081
2000-12-01,0.6069782429730426,0.2642098601767565,-0.11651289546749842,-0.3750169373770827,-0.3767154129374912,-0.18959018458336838,-0.0620911716265468,0.15008015768062244,0.4509094104744459
2001-01-01,0.6051680278510363,0.26630923338620355,-0.12002211725092564,-0.37730409078385396,-0.37357501590433995,-0.1772613031713989,-0.059496301793297075,0.15854992824746,0.45434525742458326
2001-02-01,0.606114306028854,0.2649626751113116,-0.1230315831838942,-0.37817898695496704,-0.37258825393468203,-0.16987980813246623,-0.05248724040059224,0.1650369071659379,0.4545226780667959
2001-03-01,0.6044267923494056,0.264203357554944,-0.1207198589761087,-0.38258593759005627,-0.3715966795202778,-0.16309482476506013,-0.049043172254856195,0.1688005333684788,0.4564391390405576
2001-04-01,0.6020439551306118,0.26493713421304915,-0.11703419324730038,-0.3850127027114219,-0.37079784307125274,-0.15950937576704244,-0.047323632256092964,0.17185322583672552,0.4590340603737191
2001-05-01,0.5996305678002325,0.26671648519557395,-0.11193059710233691,-0.38414467004583275,-0.3700230095267594,-0.1611081047911341,-0.0501370736428509,0.1725487526909469,0.4626556661004831
2001-06-01,0.5963935892624399,0.2679765899219472,-0.10390933903932208,-0.38003055661899804,-0.36817149669816823,-0.16687673874225128,-0.05746702036215507,0.17159482784300514,0.4702526118489311
2001-07-01,0.5923098037080508,0.2701274202740645,-0.0944398534625359,-0.3720323201247135,-0.36770056385898725,-0.17400246807013806,-0.06669302130769805,0.17071481819338508,0.47937591544563446
2001-08-01,0.5870598886275801,0.2730878412445056,-0.08497024379449893,-0.36269331304002506,-0.3676575795375771,-0.18152747567435382,-0.0758458425173731,0.1694305921726977,0.4893196285325662
2001-09-01,0.5791991104380266,0.27299739259364875,-0.0749303502374956,-0.3547421254619627,-0.3636739447574135,-0.19120776185986946,-0.09002499638873426,0.16723925877574833,0.5036384270479669
2001-10-01,0.571319199491961,0.27166833393430045,-0.06539185667202972,-0.3469011697090702,-0.35719964735705445,-0.2018826224554594,-0.1092033392679191,0.1614129790710185,0.5185040710769264
2001-11-01,0.562908650908756,0.2692490614080518,-0.05697860578217412,-0.3381047369578126,-0.34992338429188863,-0.21393237745720103,-0.12957038947893587,0.1503537300400036,0.5342932266343364
2001-12-01,0.5457765393479176,0.26795886073394815,-0.04324600170044198,-0.3275226166027171,-0.341520913531327,-0.22575101019630658,-0.15488015600693542,0.1287357346911469,0.5594854170638263
2002-01-01,0.5233542453673784,0.2694853852471929,-0.026218491462704663,-0.31861798699294763,-0.3356368007315025,-0.23317161448273857,-0.1773299495104265,0.10690993837341921,0.5842742680813116
2002-02-01,0.5050342687197473,0.2701298469103889,-0.01206389849580664,-0.3090402720281467,-0.33285412180576984,-0.2440131114493333,-0.19257737899335908,0.09094435175203357,0.6005228046185312
2002-03-01,0.4937804703981427,0.2707117403338436,-0.0026144918299543535,-0.3005014297301845,-0.33280137741879934,-0.2553234354491672,-0.20308839882545315,0.08219003966089718,0.6071582512022999
2002-04-01,0.489477692147354,0.2749318583260996,0.005199870049600186,-0.2971337259572991,-0.3418607600316904,-0.25928348373699633,-0.2058906883320538,0.08158249755041497,0.602797800909235
2002-05-01,0.48592171351896196,0.27769438052583717,0.01122198901335026,-0.2932711702630068,-0.3476368678102699,-0.2655837351431009,-0.20843203921323242,0.07853229241248715,0.5996954717643566
2002-06-01,0.4820766967414209,0.2799251229041515,0.01692570758878446,-0.28956893097661573,-0.3485687077735593,-0.2711191505650062,-0.2137970175789961,0.0705899764258758,0.5995077074751866
2002-07-01,0.47716248829315094,0.280513489025807,0.023002961038633255,-0.28499127966728477,-0.3467068189746532,-0.2766435286233045,-0.22184486270025144,0.061416269304282727,0.6017928339911426
2002-08-01,0.46954240467699637,0.27768213057691776,0.027919167997343595,-0.27981755229416166,-0.3424199442097558,-0.2795418402443696,-0.23249035395315137,0.04894929978637626,0.6095099382160962
2002-09-01,0.46074478454425016,0.273854342952106,0.03388922907767047,-0.2759098136017918,-0.33990911477516395,-0.2822041541368,-0.24163618813825188,0.037650539179679324,0.6168146689520939
2002-10-01,0.4470643807793635,0.26751411852026097,0.03995916946918276,-0.2721165534391041,-0.3350723426034487,-0.28509864868239754,-0.2538409230019275,0.028291557725383453,0.6278018327969083
2002-11-01,0.4330241918868017,0.26078638612335286,0.05025213054752926,-0.26467508934148676,-0.32911373254071286,-0.2906309022875742,-0.26677179066165235,0.0160575329999223,0.638510084133976
2002-12-01,0.4248354092949009,0.2581182519471704,0.05888797802189454,-0.2578626791109069,-0.32473784192308225,-0.29636871014948096,-0.2773300013173496,0.003526866933798929,0.6424293276568491
2003-01-01,0.419038864381627,0.2581326509559536,0.06601827385941741,-0.253132864521487,-0.3220857899886904,-0.30165535537348104,-0.2849731249661071,-0.0067895306653286795,0.6429217027338822
2003-02-01,0.4128938817134351,0.2574245553452982,0.07212905533892935,-0.2494229447628475,-0.31957399122781044,-0.3056668943225918,-0.2925875333130278,-0.015152544013785418,0.6437701331657502
2003-03-01,0.4060621913755171,0.25487425193869967,0.07691956240814311,-0.24719926504141168,-0.31743577239156207,-0.30846692750302734,-0.2986244932970397,-0.02107183367444706,0.6462124972388138
2003-04-01,0.3989142826999383,0.2531086947051047,0.08193802647011723,-0.24331952596806192,-0.31453992127680036,-0.3111262692281772,-0.3058195941102461,-0.02668545131235003,0.6487776945066566
2003-05-01,0.3917425961557581,0.250664416414624,0.08706321969026119,-0.23974672842974212,-0.3117285415385315,-0.31352559876535213,-0.31278208601959107,-0.031186190489230527,0.6514356408595962
2003-06-01,0.38140703074647003,0.24705214739446435,0.09318216160410568,-0.23725705835804878,-0.3094885192723328,-0.3158889518816634,-0.3197979196483108,-0.03393356414056484,0.6553845563591431
2003-07-01,0.3727650076886449,0.24512474814374297,0.0982324911750275,-0.23603430648834828,-0.30884116115826826,-0.3181650466059438,-0.3237891496447902,-0.03684796582673428,0.657867194050478
2003-08-01,0.36996362216740664,0.24583332490613025,0.10228966120087737,-0.2359370349249584,-0.3085085275169503,-0.3196316278629876,-0.32686346901046476,-0.03912251221598978,0.6563926020179792
2003-09-01,0.3696844168200379,0.2467893787559316,0.10477679141375312,-0.23344778876102976,-0.30673551576637975,-0.32147402148181625,-0.3292085171295518,-0.04345749086694343,0.6551743004835182
2003-10-01,0.37051471554877186,0.24832656308131337,0.10627902976324162,-0.23194670773282097,-0.30579643415955454,-0.32251433597753626,-0.33132503766656285,-0.04672192696556522,0.6530482992357229
2003-11-01,0.3712832996071397,0.24989101167780264,0.10808172576116121,-0.23010682466570967,-0.30468103878765224,-0.3235958252158629,-0.3335737252101579,-0.05019825242518598,0.6509503017306698
2003-12-01,0.37192084641377204,0.2507596215732486,0.10889400608927274,-0.2287021185539832,-0.30415228368244135,-0.3244878547706318,-0.33475823414229255,-0.053557487721670266,0.6495378920571461
2004-01-01,0.372762622119694,0.2516645792456669,0.10945485273526402,-0.22746581906453425,-0.3040635321442991,-0.32525695439554586,-0.3358002080374642,-0.05654265779705398,0.6479092016957795
2004-02-01,0.3732132213400962,0.25224089250545045,0.11006836553858483,-0.22630243003655792,-0.30344997731890133,-0.3260948450474919,-0.33712803404279357,-0.05978349871233334,0.6466138522139625
2004-03-01,0.3737378486121244,0.2529181837976838,0.11071677119321846,-0.22510713263817722,-0.3028406097131179,-0.326975347020302,-0.3386072714341601,-0.06314802283163265,0.6450993091959841
2004-04-01,0.37422748048578075,0.2542108092912617,0.11195908521945962,-0.22347466120404155,-0.30191096537326495,-0.32821277653255265,-0.34112478914400607,-0.06741172346578744,0.6427056685640111
2004-05-01,0.37651808849066937,0.25740703936267195,0.11470655094888568,-0.22129433643747318,-0.3006388743179002,-0.3300081661061775,-0.3435578077418665,-0.07404599243476677,0.6379992713569835
2004-06-01,0.3790917350319849,0.25903040051442705,0.1158655184620488,-0.2192164676341806,-0.30090926985765915,-0.33096432627309097,-0.34395613080970205,-0.07876499269376534,0.6349161456775115
2004-07-01,0.3833765196306468,0.2599940827455152,0.11438074306824937,-0.21807034129758912,-0.3011531501746485,-0.3312853138014905,-0.3432857673056967,-0.08331521834267036,0.6321061385178166
2004-08-01,0.3872739209165311,0.2613092333996191,0.11417814189288188,-0.2164107826275705,-0.3001221527963499,-0.3319936814411197,-0.3442272773033181,-0.08903982184654895,0.6286115655668343
2004-09-01,0.3893837876940687,0.26280391455507685,0.11550755110104623,-0.21445970958726487,-0.29910158900240447,-0.3328667804562926,-0.3458604260711103,-0.09431657643071778,0.6254616710807559
2004-10-01,0.3910570259470324,0.26400439236540935,0.1168105684361595,-0.21213902218391648,-0.29741469353425515,-0.3337132554393199,-0.34798850412969723,-0.10051659228042989,0.6226626602917734
2004-11-01,0.39228000785661565,0.26485030040695234,0.11879004367646027,-0.20832200136140308,-0.2946723498982983,-0.3345825581691978,-0.3511661912424575,-0.10829273363822199,0.6201929466111985
2004-12-01,0.39487196538263036,0.2670290040655348,0.12106922090077366,-0.2043058347835176,-0.29207693248520705,-0.3356856609625064,-0.353913988218759,-0.11708077658281174,0.6159676897358924
2005-01-01,0.3988037471803295,0.2705277835384542,0.12363794225575563,-0.20202266893309395,-0.29063279293113764,-0.33650322750481765,-0.3550991378319243,-0.12428613638738126,0.610267569354148
2005-02-01,0.40649762386689287,0.27421623084771807,0.12422428747537329,-0.20161855762055136,-0.29029107968745,-0.3370325755029384,-0.3532407674158733,-0.13154754796348206,0.6029425836001933
2005-03-01,0.41600362003321534,0.27784608587725795,0.122078636780659,-0.20377672959776127,-0.29218240748816166,-0.3370172616973025,-0.3465294836050149,-0.13749381940738198,0.5961341831231023
2005-04-01,0.4235336949229619,0.2795246919690296,0.12002570291559787,-0.2047038267670381,-0.29302804895417384,-0.3378898348937134,-0.3392451856755509,-0.1438962242493289,0.5919011171094606
2005-05-01,0.4311458411587703,0.28028950883028025,0.11700362247838002,-0.20692106224012666,-0.2942370889720233,-0.3381510595459071,-0.3310176206692641,-0.14892057023152427,0.588534855543117
2005-06-01,0.43803180691648963,0.2823831270349598,0.11456818396531492,-0.21154091901965638,-0.29837189094045546,-0.33912156032529234,-0.31903391733672315,-0.15129581319869925,0.5846453583285569
2005-07-01,0.44446025579410614,0.28698799516094453,0.11311414730365768,-0.2161953875475604,-0.30306292469712043,-0.3404035270705618,-0.3080893720654046,-0.1519490159990434,0.5786436325797443
2005-08-01,0.4495882603509802,0.2895361947303492,0.11330083362306767,-0.219287204664484,-0.30680102476145865,-0.3398146498395511,-0.30081593297784404,-0.15283943175199521,0.5741639561959123
2005-09-01,0.4551893990637139,0.29155266060651747,0.11187165354285872,-0.22063417993072856,-0.30894564207364006,-0.33984888876402913,-0.2945000639502588,-0.15400132752969112,0.5702749997633642
2005-10-01,0.4607148315079153,0.29225263616781216,0.10930643005727332,-0.22323830532693892,-0.3114373463226625,-0.33954601029156645,-0.28805219227355916,-0.15281677359649506,0.5673933895535087
2005-11-01,0.46644033823324144,0.29228389945676186,0.10712231368221498,-0.22388882632844256,-0.3128857317590955,-0.33997029850126775,-0.28226324847196105,-0.15338370303889756,0.564558012560725
2005-12-01,0.4687551899039882,0.29247777865363345,0.1074461204919084,-0.22202485503206687,-0.3134332408297816,-0.34131107780916004,-0.2780998942095798,-0.15586799606698373,0.5634869867366169
2006-01-01,0.4733644421687298,0.29247805420619316,0.10591186882945672,-0.22142543823307448,-0.3139401704129499,-0.34270832545790675,-0.2734977483318156,-0.15656424306773178,0.5610840726267055
2006-02-01,0.4729733633522133,0.2930126301528386,0.10604954992136822,-0.22007515372037617,-0.314209284453536,-0.3432742555805726,-0.2705553821151661,-0.15719312073147057,0.5623927762948759
2006-03-01,0.47211308636433374,0.293518924341224,0.10711943630208577,-0.21654273032940363,-0.31230831482848304,-0.3427767266734949,-0.2687296859465508,-0.16270149937173203,0.5646864237593987
2006-04-01,0.4720794501349983,0.29493292420507555,0.10783119854253985,-0.21445874158431188,-0.3111468138676936,-0.34242300977477985,-0.2676158059490916,-0.16521223594802686,0.5652930955310442
2006-05-01,0.4724895359016121,0.2960123937159074,0.1092624487783306,-0.21229928713584736,-0.309551305467327,-0.34251773078778003,-0.2680114658086122,-0.16756913662910902,0.5648637563365079
2006-06-01,0.4723253845905261,0.29736137694436726,0.11170426725952085,-0.20931295534748723,-0.3073325794692395,-0.3426385961604412,-0.2695205446205521,-0.17113078520808653,0.56428148505189
2006-07-01,0.4727241307349066,0.29938440586646653,0.11518481758290904,-0.2048156752410331,-0.3041537584599615,-0.34322848593722555,-0.2718140571712593,-0.1764916981926094,0.5624378784967893
2006-08-01,0.472715525499506,0.3010201109185443,0.11807081798075378,-0.20097962969205943,-0.30144813787521496,-0.343315155348692,-0.2730730028130191,-0.18122013691116698,0.5616471459524744
2006-09-01,0.4723707865012821,0.3017367846410527,0.11953226030351853,-0.19912713310298688,-0.3000474436624178,-0.3425900051858368,-0.27289098839747045,-0.18320774539336224,0.5625390891674164
2006-10-01,0.4720853356396394,0.3030250223932454,0.12171189489451756,-0.1961964270859419,-0.29781223759895054,-0.34202833558005374,-0.2732685635850952,-0.18658849357955332,0.5628836143768751
2006-11-01,0.47221914197738835,0.3029870529403791,0.12253025699329215,-0.19475786517896657,-0.29667727760822804,-0.3409739133536122,-0.2716115667593115,-0.1886727069984323,0.5644579590832792
2006-12-01,0.47194809226106577,0.3028205533644903,0.12261900285076703,-0.19472768713980734,-0.29668059393315616,-0.34002180184788117,-0.2679186420042364,-0.1885289222071743,0.5671443069288675
2007-01-01,0.4722837658533656,0.30277447400093593,0.1226614002985173,-0.19427562471733212,-0.2961843132548275,-0.3389505800634318,-0.26526796935030883,-0.1887736966100348,0.5690971601437601
2007-02-01,0.47245881877776813,0.30416021424932654,0.1240661169232679,-0.19181933209903976,-0.2941852135281384,-0.3381763312420655,-0.2637620757707029,-0.1929170378791109,0.569549457116518
2007-03-01,0.47273851605765055,0.3051502186846216,0.12498785880156457,-0.19036949457573718,-0.29304043398111057,-0.3374183111869858,-0.26119961131130237,-0.19550635559316,0.5704098048428924
2007-04-01,0.47325521368710566,0.30626347529967707,0.12658378251578206,-0.1889717797629054,-0.29158739232635955,-0.3363891069108404,-0.2595759416507618,-0.19720642574549754,0.5710057061198424
2007-05-01,0.47404440012655935,0.3085868838438586,0.12991195890097426,-0.18476301991343824,-0.28823452998220045,-0.3359912856105207,-0.26035966437448965,-0.20260906793944927,0.5694160813591459
2007-06-01,0.47563804608794036,0.3105814576027799,0.1322786231028281,-0.18038813471183113,-0.2849528286205329,-0.3358833965200804,-0.25989258979099256,-0.20897273457096638,0.5674861772881709
2007-07-01,0.47781193796553867,0.31307563865742194,0.13426168327636223,-0.17645769735409297,-0.28223164493044683,-0.3363652768895823,-0.25931561452911533,-0.2154567705518899,0.5639622053406937
2007-08-01,0.47908686194336475,0.3150494459353109,0.13557811146801346,-0.17521164395243347,-0.2815429380938797,-0.3366446598031982,-0.25708905757838435,-0.2175148669565193,0.5622593058413232
2007-09-01,0.47944258111317883,0.3168314466097212,0.13715713976450336,-0.17412317409515943,-0.2811152975453057,-0.33619231919861103,-0.25456362484001166,-0.2198041258146344,0.5616530123576501
2007-10-01,0.48113408838531946,0.31819400432958633,0.13752597538657954,-0.17341851711989004,-0.28046196172281773,-0.33638274758106085,-0.2518087159442895,-0.2212730897513014,0.5604404643662382
2007-11-01,0.4829314569738888,0.31909774776202054,0.13740696719216652,-0.17379755832307645,-0.2806559757162756,-0.33602198813825607,-0.24898262949422192,-0.22096407149616085,0.5597959855399227
2007-12-01,0.4833794988295816,0.31924774093282815,0.13641724226454172,-0.17586606342391195,-0.2823814780673505,-0.33564515495084135,-0.24501596558842798,-0.21805978700171716,0.5611655196742956
2008-01-01,0.48364012413065005,0.31923717710104227,0.13507545265353826,-0.1781119778089971,-0.28457865198047955,-0.3356867899157117,-0.24103560678531413,-0.21438972645398835,0.5625645313246594
2008-02-01,0.484741185297082,0.31831579568822593,0.13127457853022503,-0.1845390027037646,-0.29111115300677853,-0.33519580680215466,-0.23458624059560507,-0.2047660024219263,0.5642265738846804
2008-03-01,0.48766241617559053,0.3181477104839412,0.1278912799211485,-0.1902905177096009,-0.2959803334770523,-0.33598298554086536,-0.23033480938553022,-0.1956256901754204,0.5626617830492274
2008-04-01,0.4882265803518804,0.31946280237838764,0.12553916431113576,-0.19377927679268012,-0.29895719451328595,-0.3365143918582933,-0.2279124406655683,-0.19154641102527106,0.5612632056160584
2008-05-01,0.49107036125690523,0.3196394931819714,0.12344237082089156,-0.19750803844932646,-0.30019480320214026,-0.33659784028521866,-0.22503907317885488,-0.19001072901607918,0.5588124577841262
2008-06-01,0.4934683258592787,0.3207171842945834,0.12226673083111456,-0.20083243403954795,-0.3027518783692419,-0.3364051808307897,-0.22162464496550552,-0.1876156557210192,0.5560597233821226
2008-07-01,0.4960907439533836,0.32088450303468585,0.1206904293111778,-0.20269515347132055,-0.3055277710538109,-0.33654347888576963,-0.21801406600373033,-0.18563782640556184,0.5537827524166636
2008-08-01,0.4989655020569778,0.3212077019940593,0.11735922757127115,-0.20423121955649146,-0.30760587009913964,-0.3351527992829346,-0.21482582986591983,-0.1857472538065157,0.552063864908931
2008-09-01,0.49996294914992667,0.32126792666386855,0.11529272529112039,-0.2060688994620768,-0.30910394978671285,-0.33423038219379986,-0.21264106242034436,-0.18554448681443686,0.5515151736572588
2008-10-01,0.5055980622365103,0.31912454913327337,0.10986303154709413,-0.20886848962625926,-0.3088515931167983,-0.3321167262332363,-0.21278047974110575,-0.18593188530228322,0.5489054244568139
2008-11-01,0.5062384683721478,0.31097201946160574,0.10603970328261181,-0.20106500435482322,-0.2954802460819889,-0.32757532142201956,-0.21882926733602148,-0.2072563597602981,0.5566793041513225
2008-12-01,0.5089588778496499,0.30559875314694696,0.09877513543111814,-0.19857950777258385,-0.28876699680441265,-0.318475074306619,-0.22126378000053032,-0.2244574416692762,0.5605607545909129
2009-01-01,0.5026836575378518,0.3100051047724762,0.1028446717205131,-0.20828248393911616,-0.298534967727007,-0.31387779946615146,-0.23013348678723672,-0.21313151349720827,0.5578696013427189
2009-02-01,0.49943118561773053,0.3115913202379045,0.10524552971877055,-0.21646861987274293,-0.3088887775711533,-0.3122348509076343,-0.2323141518691638,-0.2021167167930543,0.5548154140548598
2009-03-01,0.49822229049970806,0.31176538250169794,0.10503866484169631,-0.2206154842583185,-0.3148434650138051,-0.3106177380584241,-0.23221675045436604,-0.19781997840750423,0.5533583222554584
2009-04-01,0.4980988349710597,0.31164051499413997,0.10376133458668291,-0.22367214296845936,-0.31876562720030904,-0.3079494833872179,-0.23615074706988315,-0.19232963740766387,0.5520686766603042
2009-05-01,0.4975867678731465,0.3114006503113758,0.1035109676451265,-0.22596356615683824,-0.3215066778452464,-0.3056528867366023,-0.2388639668952425,-0.18992347631857523,0.551131415510577
2009-06-01,0.49715946061431954,0.31160440523456023,0.10450255905902844,-0.22460093300143671,-0.32073452098159105,-0.30532003073198816,-0.24145318182907557,-0.19202328792352522,0.5505499660968791
2009-07-01,0.4916780370848178,0.3120757110347957,0.11018778267245251,-0.21662813356209298,-0.3158466844195002,-0.30789554292911503,-0.25000189753009655,-0.196427019263004,0.5533073708618714
2009-08-01,0.48949498969210825,0.31136673238233026,0.11400196642674248,-0.21038838496488488,-0.3118330939180114,-0.30957210361129267,-0.2554590110705898,-0.20172428196391157,0.5542192112212971
2009-09-01,0.48463236414117505,0.31172719652729536,0.11953105355282917,-0.20360049638983585,-0.30715778942501115,-0.31216366246565913,-0.2625213311759666,-0.20588308100559116,0.5559851073035516
2009-10-01,0.47984223888477207,0.3122970842176537,0.1245524256608485,-0.1972006549039927,-0.30295514299994253,-0.31440589964218185,-0.2694643257788455,-0.209798249965677,0.557280301986893
2009-11-01,0.4761653057494893,0.3132230247806349,0.13013993788377617,-0.1907701754156734,-0.29881244138147056,-0.31611754831775807,-0.2757311512231781,-0.2148785017299696,0.5571433005501228
2009-12-01,0.4749928910664217,0.31396288105666514,0.13293999944314017,-0.18694697938934723,-0.2958974294700403,-0.3163075970889398,-0.2792979195125381,-0.21854833047581512,0.5566061092543467
2010-01-01,0.4737005660506658,0.3155795976583886,0.13689696868264814,-0.18168790291464848,-0.2915180659015873,-0.3160006609112783,-0.283620740186173,-0.2242557583050877,0.5556036782859862
2010-02-01,0.4707717016370391,0.31787215972893335,0.1455296568885231,-0.1721282740971265,-0.2846198870449862,-0.31675638551032953,-0.2911288352817907,-0.23307048544334422,0.5532660602719865
2010-03-01,0.47011608128649074,0.32070252911938857,0.15280507593780654,-0.16699645999769344,-0.28319895717892496,-0.31898568586410925,-0.29423872604814005,-0.23483919140788417,0.5488389182512236
2010-04-01,0.46897561262467946,0.3223121898531138,0.15707613982973115,-0.1629902612482558,-0.2815683489487937,-0.3193125028316701,-0.29520763074616363,-0.23778614268682002,0.5477289325668293
2010-05-01,0.4660461944056521,0.3221661478194261,0.1602912957291729,-0.15865630049279553,-0.279446117576587,-0.3191123936467477,-0.2950645867866834,-0.24208234435144066,0.5500499727086008
2010-06-01,0.46333580312236433,0.3274331416001417,0.16225833916693647,-0.15291021503803942,-0.2786797056656792,-0.3215832169406398,-0.29595850482222485,-0.24324730486942683,0.5482329223641857
2010-07-01,0.460778887267686,0.33026925635773674,0.16276592306172477,-0.1506761731901925,-0.27893658927010095,-0.3237444330316969,-0.2944898151544457,-0.24270222294032864,0.5487843670088965
2010-08-01,0.46336510304044515,0.3306693291651346,0.15858253470547443,-0.15252723845457292,-0.28187520953308665,-0.32556474042458905,-0.29024161725477265,-0.23681584593291163,0.5493356187441037
2010-09-01,0.46438912920018804,0.32749266165521884,0.15300320174879153,-0.15512080316224214,-0.284525602718256,-0.326014052819711,-0.2850975630942535,-0.2313356475394594,0.5546008171475125
2010-10-01,0.4643939396727819,0.3241608867851131,0.14887483879263644,-0.15664077436937976,-0.28557181386289066,-0.32548740341704535,-0.2819326669615392,-0.22691563209779436,0.560435451240203
2010-11-01,0.4588921596954699,0.317614690490793,0.14731286037503555,-0.15081196024763757,-0.28094238612468053,-0.3257079270138661,-0.2839153881924847,-0.22688264999622082,0.5718352956979471
2010-12-01,0.45202731807659374,0.31246494085151005,0.14767379818801632,-0.14081429533500642,-0.2730137693624954,-0.32403726635699065,-0.29068523511001054,-0.23056537088000348,0.5824137563618745
2011-01-01,0.45270232321751075,0.31191727148424275,0.14874629443016874,-0.14075980308019848,-0.27421429436143885,-0.320601231846397,-0.29262812416025014,-0.22887148897603174,0.5829557731287948
2011-02-01,0.4492199241400788,0.31153702613736944,0.15371828641090338,-0.13812550020599534,-0.2727106103015967,-0.3158019255595947,-0.29864791491966386,-0.23023806892525078,0.5849240096715945
2011-03-01,0.44651622541059444,0.31169491300485275,0.15649077558752805,-0.13482705447047716,-0.269704464599306,-0.3142449778348349,-0.30333889386222473,-0.23061692817959822,0.5866112748482039
2011-04-01,0.44464036469605356,0.3125781719276179,0.15871057627569135,-0.13308013452748324,-0.26833757004255937,-0.3135116561810236,-0.3078252195705824,-0.22899309749382574,0.5866870108742193
2011-05-01,0.44388756523990636,0.3130441237597037,0.16075523782517906,-0.1305794287202179,-0.26589184711538577,-0.31229060455294183,-0.3104220251099182,-0.23107043142710637,0.5865958560235939
2011-06-01,0.4440615572344968,0.3138400227553375,0.1624141702452528,-0.12744816593241823,-0.2631167468289831,-0.3113679962934324,-0.31285516882803355,-0.23492401757719947,0.5851873832651617
2011-07-01,0.44355767570205656,0.3145603491603981,0.16416644695210167,-0.12432246470022414,-0.26149640982995603,-0.31170126269873555,-0.3153227318246725,-0.2365429471677363,0.5839371857877743
2011-08-01,0.4425274496059289,0.3148282189048649,0.16651364430781612,-0.12043200145169693,-0.25986918380039453,-0.3126849475710061,-0.3176165575366336,-0.23801186838819383,0.5830850640948575
2011-09-01,0.43806799471790614,0.3103634908293173,0.16463361285862083,-0.11811311271679625,-0.2579423084614592,-0.3122309461477679,-0.3181180279955365,-0.23973500573261378,0.5899335985934325
2011-10-01,0.43593908443339147,0.3063604737673034,0.16003739747746878,-0.12250877786122724,-0.26130996127407885,-0.31273018417617443,-0.31586848514797516,-0.23413142996055256,0.5956563733991799
2011-11-01,0.435352177851542,0.305177714097208,0.15695097842807332,-0.12813683887751603,-0.26630216666531403,-0.3146190681859131,-0.3138855001912216,-0.22663350691672315,0.5970707908002131
2011-12-01,0.4407532754714747,0.30398328522273343,0.15171730834793565,-0.13788218677690575,-0.27557375236428,-0.3150838019106298,-0.3073848168275795,-0.21775053572715217,0.5951316297588837
2012-01-01,0.44864592906430806,0.3039341173365655,0.1479962865035408,-0.14374237166391654,-0.2836194225775874,-0.3176562799906655,-0.30321057080615027,-0.21111666816153868,0.5881528079653183
2012-02-01,0.45690250134614824,0.3027828554618844,0.14348777497719353,-0.14923114124960185,-0.2908327394083054,-0.3187535685017362,-0.29904904624685713,-0.20573435634129902,0.5820304926984177
2012-03-01,0.461123762154795,0.3002570069291589,0.13983204769804902,-0.1519207787942348,-0.2934108267617984,-0.31787501804329565,-0.2959254769095041,-0.20715279619581328,0.5804817585078337
2012-04-01,0.4623527422435457,0.2981549324770355,0.1410342824808669,-0.14371671520964505,-0.2864714678913788,-0.32056559367840765,-0.29981444074829444,-0.21998145762413632,0.5776501298953036
2012-05-01,0.46185295545568583,0.2949772756403711,0.1421279168135748,-0.13544298540534447,-0.27877564533030963,-0.32158213435368393,-0.30532705281520417,-0.2325830599071903,0.5767882530512757
2012-06-01,0.46324167982704323,0.2911616274985399,0.14069735558340385,-0.13047991464441094,-0.27520919945258293,-0.322631141322389,-0.30866233952198846,-0.23851069589209478,0.5760386706126656
2012-07-01,0.4645885734845647,0.28851028688700875,0.13783404594790793,-0.13145892798432104,-0.2765039491072851,-0.32327761072758227,-0.3084751184189479,-0.2376018669906134,0.5762509908261579
2012-08-01,0.4649812684344187,0.2868260834599093,0.13414337574577437,-0.13794621375436686,-0.28198965902342915,-0.32375592751446663,-0.3046913208532027,-0.23065414962368166,0.5780358194504348
2012-09-01,0.4635706024180301,0.2847561534579749,0.1307948845828504,-0.14361769221943024,-0.2864590059571235,-0.3234339876791031,-0.3024612054614876,-0.22350559308362636,0.5815299208650374
2012-10-01,0.46202301659497047,0.2829099501358216,0.12782909797186248,-0.149551922890391,-0.29161580163605055,-0.32252392415622794,-0.3010913433601934,-0.2146493275276037,0.5848066757917956
2012-11-01,0.4615629504712547,0.2813118007084065,0.12450547188549893,-0.15673915414478837,-0.2987991577395014,-0.32154063486344003,-0.29993998435950375,-0.20260925225934942,0.5865754160464947
2012-12-01,0.46181780050161864,0.28026772592138904,0.1206423680088387,-0.16393772525437436,-0.3044820137359387,-0.3206919416808228,-0.29703462053292234,-0.19412031570778998,0.5876046981713156
2013-01-01,0.46143398172247496,0.278762689963198,0.11710943919914515,-0.16888701010189255,-0.30802624565537473,-0.32033769996097144,-0.29543955768180913,-0.18769028198893922,0.589172314387215
2013-02-01,0.45975453308190134,0.2770963578901498,0.11495736764949478,-0.17116585451118504,-0.309909885373434,-0.3215830222617255,-0.2945349445739271,-0.18343942249922582,0.5911597069033339
2013-03-01,0.4573575967344641,0.2753242563827621,0.1134333652507185,-0.1726312861508593,-0.3116636662754446,-0.323287412591061,-0.2943060223076481,-0.17858429106316315,0.5934597858736471
2013-04-01,0.4555458695549932,0.2738301045942987,0.11207763988022529,-0.17588999088993124,-0.3153871836842126,-0.3251570169649965,-0.29348048365395757,-0.17054460300502583,0.5946292383318713
2013-05-01,0.453803711892854,0.2720544681786683,0.11021176390143192,-0.17937492128968324,-0.31932139865954307,-0.32736505070193256,-0.2910182513518486,-0.16321786401298233,0.5960376131676006
2013-06-01,0.4533621613473179,0.2707222671942691,0.10780571565710922,-0.1827030362129526,-0.32240913968210183,-0.32861609852598206,-0.28960462060512676,-0.15618874261911272,0.5966303543871542
2013-07-01,0.45464790643013164,0.2707847134894005,0.10592196815681552,-0.18749125346346532,-0.3263225775675576,-0.3304415927544155,-0.288787118728964,-0.1461517662022712,0.5942744122839356
2013-08-01,0.45333921115919773,0.26960160643267245,0.10457062908839267,-0.18786099525174874,-0.3271823132599176,-0.33314211476454075,-0.28851076909879525,-0.14284270638705776,0.5948927012795668
2013-09-01,0.45225925972085695,0.2698584130318449,0.10461133207923631,-0.18743656613586818,-0.3273630045223967,-0.3340261168910112,-0.2896410937117424,-0.14421578793649314,0.5942489895966017
2013-10-01,0.4499492934147992,0.26927717652779826,0.10464339975480508,-0.1857691527088669,-0.32658024495241544,-0.33590769537839554,-0.2904298624796403,-0.14594728546061875,0.5953455005166789
2013-11-01,0.44919657208318003,0.26946717432518713,0.10369488093737862,-0.18670729585458254,-0.32775943054151324,-0.3370512414573704,-0.28935313807152824,-0.14600518162992568,0.5949160475903236
2013-12-01,0.4501997276245092,0.27125374161288995,0.103650790799331,-0.18835533264143248,-0.330081623452308,-0.3383061341525907,-0.28822099791999123,-0.14518965907825945,0.5915776329853883
2014-01-01,0.4511765360562616,0.2725589208738895,0.10383265629980903,-0.18932821707469,-0.331344896879993,-0.3390006653425823,-0.2880846501763444,-0.14572144868397985,0.5887160398736102
2014-02-01,0.4490156481155311,0.27237043407645134,0.10430084934526661,-0.18776618614266816,-0.33060269654850194,-0.34047810944595097,-0.2893899069171575,-0.147460862228672,0.5893638744136878
2014-03-01,0.44753907693265715,0.2726278991463455,0.10430828675832755,-0.1875823791801502,-0.3314636334881196,-0.34186524825265496,-0.28937379188147555,-0.14737295510597392,0.5891684546438704
2014-04-01,0.4438161192270124,0.2723685533361738,0.10488654705865313,-0.18599999349631746,-0.33242977265617024,-0.3452258564737418,-0.2898232668698555,-0.14470382492710843,0.5904390480307047
2014-05-01,0.43550908657224824,0.2709006771101859,0.10933338559740753,-0.17604072226123887,-0.3271630500992763,-0.35001866707664203,-0.29836845925910516,-0.14928497875776633,0.5942575725542498
2014-06-01,0.4262895968445248,0.26926377760636266,0.11671176926284159,-0.16068567080627508,-0.31714596225851827,-0.35540471141898633,-0.311788897909213,-0.1605180593372836,0.5970429141157397
2014-07-01,0.4153250745270683,0.2676874492763638,0.12595260086536234,-0.14499644681369395,-0.3074628853211172,-0.3616267703815775,-0.32525988681987245,-0.16958704678210096,0.5992490111787474
2014-08-01,0.40596764820157794,0.26718019755313055,0.1338183687676797,-0.13379196152459596,-0.3030033585625854,-0.3684049888224187,-0.33436421264805416,-0.1711926546167707,0.5994645469725169
2014-09-01,0.3983315801366378,0.2673665207733426,0.14005679441215568,-0.12563267344170698,-0.3014721853099065,-0.37559630879455075,-0.34116187901425293,-0.16734603474881246,0.5984090848274113
2014-10-01,0.3896615548161653,0.26772709888954893,0.1473822152725445,-0.11875880820248153,-0.30088016709885723,-0.3829802779896323,-0.3471854898484769,-0.1612648907098385,0.5974228014519389
2014-11-01,0.38421161978932883,0.2676142984479773,0.15211962479760785,-0.11233309281506781,-0.29960078043822086,-0.38887894506452,-0.35291573611541044,-0.15632205126411627,0.5958450741863229
2014-12-01,0.3784922897249763,0.2682349571557433,0.15796665958550696,-0.10598369000250414,-0.2981793987357764,-0.3949919912683213,-0.358593541662822,-0.1515384816254883,0.5934009772144494
2015-01-01,0.3741192577796527,0.2704648398628483,0.16457102307884036,-0.09902747616031501,-0.2966550249809293,-0.4018395892278912,-0.36503166118956004,-0.14625936039552917,0.5881108017993487
2015-02-01,0.3697458136438475,0.27399053705487386,0.1715212998383354,-0.09006603627516309,-0.29212993658648073,-0.4076899959987623,-0.37287706364323614,-0.14534192374961444,0.5822140153163158
2015-03-01,0.36552194486048306,0.2771312973365604,0.1769468576956879,-0.08223233039543956,-0.2890699988209203,-0.41264431636527144,-0.3800143573004778,-0.14268908318641615,0.5769850283927289
2015-04-01,0.3614417636863613,0.2786586574447312,0.18216003362600242,-0.07245044285447146,-0.28420309508617186,-0.41711673113139347,-0.3879329401156427,-0.14252739260231004,0.5724631597394533
2015-05-01,0.3585842595846089,0.2800262819704191,0.1850141169245506,-0.06616313729048193,-0.28121092175593104,-0.42042659861421294,-0.39277401765539727,-0.14138464344756074,0.5694696412464818
2015-06-01,0.3557553308035743,0.2804265825689686,0.1864895944426436,-0.062391991270558375,-0.2800433513413493,-0.4227825364810646,-0.3962702817456478,-0.13825423164578604,0.5681674281731073
2015-07-01,0.3531454918599746,0.27975018258946704,0.1866470894497793,-0.05974799525316199,-0.27927474176636585,-0.42520736509901635,-0.39862249061084065,-0.13426358606683322,0.56824189628701
2015-08-01,0.35044686243129314,0.27918726038178165,0.18662576797369104,-0.05724567088924924,-0.2786018691900798,-0.4276912635937343,-0.40043430322092344,-0.1303887379932027,0.5685486377462783
2015-09-01,0.34953971329170164,0.27874678248988627,0.18648522879678361,-0.055461146322348644,-0.2787416030339498,-0.4296185048968474,-0.4015592070495934,-0.12680499293494144,0.568041632947309
2015-10-01,0.35020819364665945,0.2795500573325773,0.18589589601834763,-0.05665238985036061,-0.28068513170687814,-0.4305375419812141,-0.4010950932269301,-0.12285239351850484,0.5668531613172817
2015-11-01,0.3492144676070922,0.2805274856329335,0.18658187730582634,-0.05764175770015185,-0.2827569681498912,-0.431777881410407,-0.4004482588269237,-0.11855694749564219,0.5660565488880523
2015-12-01,0.35003892389210883,0.28103781259707616,0.18698116526788838,-0.05902884999613732,-0.2852241698429107,-0.4331506169422546,-0.3998357532541888,-0.11313722521017378,0.5642722685243946
2016-01-01,0.3517018582890718,0.28119707297319907,0.18642697502492045,-0.06029614962199957,-0.28781871089587263,-0.4342392200604121,-0.3993548405593363,-0.10739489196253141,0.5625140925104763
2016-02-01,0.3539418880985336,0.28145075343256004,0.18611011626686627,-0.06374575454716998,-0.291481847496933,-0.4348783156559582,-0.39742791711822684,-0.10136829813518285,0.5608072918767117
2016-03-01,0.3539550597872138,0.28009662176479755,0.18412619272046882,-0.0668165692593829,-0.295500220902148,-0.4361222270566477,-0.3942677783185016,-0.09321864953230194,0.5623477698246412
2016-04-01,0.35580200298365394,0.2800365532554496,0.18182996281832622,-0.07037060261262629,-0.299003713139974,-0.43708902760109186,-0.3916973285809522,-0.08519783072798778,0.5619918151753467
2016-05-01,0.3573397820676194,0.28051221071219123,0.1805735415959425,-0.07278013571976064,-0.30162770594480215,-0.4377759044679128,-0.38947358416282385,-0.07875438038220764,0.5614254064406884
2016-06-01,0.359212320731099,0.2813919047867685,0.17979346783797295,-0.07513354505195796,-0.30422777972303144,-0.4384044632496284,-0.3872734225256238,-0.07218138737521998,0.5602414587083437
2016-07-01,0.3597793506313616,0.28180665178015274,0.17876371970188246,-0.07756941864178536,-0.3074252567744419,-0.43932748366579544,-0.384158006212954,-0.06420520425640237,0.5603139649193012
2016-08-01,0.36079345771674903,0.28214090313449913,0.1776526900262558,-0.08073331354164982,-0.31114912722956806,-0.4399207889359698,-0.3803417631378111,-0.05535505652977509,0.5604267360452223
2016-09-01,0.36310719680975506,0.28250604126942735,0.17604126260373576,-0.08492570068511272,-0.3152143094674659,-0.44000340095343066,-0.3763042697351218,-0.046531219494519147,0.5598280878475971
2016-10-01,0.3655513299469008,0.28255084929954777,0.17393432371155487,-0.08979245217239323,-0.3198492396241123,-0.4397168238193956,-0.3717991941073112,-0.0376653152955472,0.5593868709121887
2016-11-01,0.36793898216977206,0.282953212415306,0.1712989377710356,-0.09523244077242127,-0.3252078856281527,-0.43905157148129087,-0.36642941919651806,-0.028713926055355634,0.5590388010054751
2016-12-01,0.3693909085478968,0.2826834346683074,0.1686060106756,-0.10059194620048748,-0.3307819567329989,-0.4382614259376323,-0.3613029578761286,-0.019900021227815014,0.5591673160960334
2017-01-01,0.3710816335023653,0.28335366428971986,0.16539521203585522,-0.106482317201832,-0.33606774349569674,-0.4373432535780412,-0.35586295355600456,-0.011508734052837628,0.5588680701454766
2017-02-01,0.3724308654463563,0.28413726216243385,0.16266246776643825,-0.11397065907847122,-0.34225067478478144,-0.4357889961712496,-0.34870986722034236,-0.0018782184108551887,0.5589840824095561
2017-03-01,0.37407961115496097,0.28420062800065465,0.15989513948592843,-0.12227379358400381,-0.34923581670955794,-0.4338129542789905,-0.3408541142407919,0.008877412920754267,0.5588894709201805
2017-04-01,0.3748355227893737,0.2841720369207914,0.1580860583544217,-0.12729758549914766,-0.3551303080356706,-0.43278465488052564,-0.33480586033573284,0.018036380731598942,0.5583084620860972
2017-05-01,0.3764041954092589,0.2839702716634701,0.15535954614527744,-0.1340073465990789,-0.36198864643500883,-0.43070122998026567,-0.32658778672899236,0.029143235825183664,0.5581558641449749
2017-06-01,0.37883429220804987,0.28349449652760705,0.15131244756761483,-0.14403216390945892,-0.37097890728799465,-0.4268604621526534,-0.31499332067631075,0.04274856558024499,0.5582036301609049
2017-07-01,0.38067793831301094,0.28205352150771146,0.14633498123405767,-0.15454156637694952,-0.381379679806616,-0.42184526428905605,-0.29917932534641145,0.060411114252642714,0.5600637795852901
2017-08-01,0.382825534729781,0.28084944063261086,0.13999170052578058,-0.16794780996338893,-0.3933129835361082,-0.4142315253940446,-0.2807525330611075,0.08013208108996771,0.5614606519420736
2017-09-01,0.38692252707725877,0.2805169144057327,0.13409108492849733,-0.18082146827105805,-0.4047135355205923,-0.4052943780671556,-0.26280198747325806,0.09767599898743569,0.5605910561210582
2017-10-01,0.3916953951920853,0.28012985143004654,0.1278311978666424,-0.1940300927244048,-0.41573060170940257,-0.3947983232606156,-0.24421220895237128,0.11447625941093074,0.559170300959612
2017-11-01,0.39762414707336824,0.27966214180155735,0.12020368395322015,-0.2092862951756008,-0.4264989769997703,-0.38166590670226225,-0.22298139042144022,0.1325954872597322,0.557280844535547
2017-12-01,0.4041523201622739,0.28034341208272784,0.11617347156274344,-0.2172979308481,-0.4290165646283606,-0.3732307147239694,-0.21092720985005567,0.1433085976022219,0.5558505069015671
2018-01-01,0.4137389532563149,0.28127253482690806,0.11464644589649159,-0.22093962164790523,-0.42707400770203774,-0.3653325515562368,-0.2029211499382281,0.15024948605410568,0.5550997507716533
2018-02-01,0.4053727627929502,0.2829659203246604,0.12809209028470073,-0.20146903833201726,-0.41480729162938573,-0.3726764740761328,-0.21533667232230397,0.14763154319983485,0.565232744634778
2018-03-01,0.3807292219936422,0.28881004175374214,0.1490439866000973,-0.17138417940761005,-0.4044161632804711,-0.38424007257558984,-0.2307915574196639,0.14548903863210977,0.578292921083915
2018-04-01,0.3801861385634085,0.28826133390604247,0.15725673236558096,-0.15569426721549992,-0.3917962972416872,-0.3917694117420012,-0.23934000355161558,0.1418089288745458,0.5822477982640029
2018-05-01,0.383046974005204,0.29217886437772644,0.16459186548109342,-0.14864120600890415,-0.38326150611191995,-0.394713963842017,-0.24192243242169845,0.14075304201616662,0.5811157020296227
2018-06-01,0.38140779156798094,0.30091180943814866,0.17597786152618672,-0.14299178814962354,-0.37954038579321153,-0.39491850067648754,-0.2400800026218683,0.14388410717045777,0.5781113644156799
2018-07-01,0.3857482406798931,0.30739364184429785,0.18433881039522698,-0.1370800892972489,-0.3786846716106195,-0.39240625815759267,-0.2319184132848416,0.15229626416229225,0.5740824343367096
2018-08-01,0.39190292406069527,0.31334159337152623,0.1893463568677546,-0.12927417883583897,-0.3753417394083138,-0.3908524610932686,-0.22678980856558864,0.1574069863426691,0.5707956232311857
2018-09-01,0.39476286834075375,0.3183134603917882,0.1956526141836346,-0.1194373995337839,-0.3719152208537807,-0.3909564032704076,-0.22197604461716589,0.16330761360256557,0.5684918636737104
2018-10-01,0.4038795143581519,0.31691533699044405,0.19425639839310696,-0.10905395923517516,-0.3611467821145258,-0.39497161085273663,-0.22662483706115694,0.1606887572831877,0.5685142281588329
2018-11-01,0.4059922109345725,0.31392956964370095,0.19464576538234948,-0.0965039554697171,-0.3458490466842548,-0.4028883384685211,-0.23919408337130166,0.1502591035647664,0.5724477080668059
2018-12-01,0.40392197952890235,0.3129584106684813,0.19702323107710537,-0.0864971437822355,-0.33536708425289813,-0.4094355383161205,-0.25311871815043063,0.14039742414749282,0.5733368074325016
2019-01-01,0.39840293388295384,0.31341399180223894,0.2023329736563229,-0.07821275487149644,-0.32876938071455675,-0.41468177267665024,-0.26328108029704583,0.14232344122478272,0.5712860380866271
2019-02-01,0.39803836228102835,0.31413342192316684,0.20302694345647876,-0.07477518293661614,-0.3230137129025631,-0.41619701455831715,-0.2695205432406654,0.14225541515308182,0.5706475686546985
2019-03-01,0.3992658218796515,0.31483519398115833,0.2030522220835162,-0.07263703482602833,-0.3182464759657076,-0.4170158018172107,-0.27325101966003745,0.1397048661868236,0.5706073015453531
2019-04-01,0.4011638897769215,0.3162542653535866,0.20207409912391316,-0.07218116607791726,-0.3148735832056477,-0.4168877910406971,-0.2740338934337975,0.1370437814294528,0.5711307507156996
2019-05-01,0.4033968687018325,0.3176689739693734,0.2009415164985158,-0.07163310983794122,-0.31180547387263546,-0.41651331644557665,-0.27512652801798426,0.134957474558846,0.5711693891912104
2019-06-01,0.40687889452673054,0.32001365244745106,0.19977099126531922,-0.0721609119046969,-0.30930109672772743,-0.41475999726703117,-0.27541723209934704,0.13311023873117112,0.5706655501391731
2019-07-01,0.41298149857184036,0.3239304407388801,0.19812726859752106,-0.07197087235913675,-0.30591781168413373,-0.41324804417659866,-0.2751353852389589,0.13092614684676243,0.5682256072282379
2019-08-01,0.4169994213199897,0.325640895614558,0.1974512506327488,-0.07104633654045192,-0.3024307638986888,-0.4118199724337614,-0.2755521508993992,0.1298136913938021,0.5676215926333562
2019-09-01,0.42085795101286877,0.32754187174766625,0.19653796635488005,-0.07028923516217539,-0.30069214786784426,-0.41050866336265424,-0.27294985994136023,0.1320396826700547,0.5667079708243946
2019-10-01,0.4232940441261804,0.3287463126292937,0.19694036654715505,-0.06933309692396028,-0.29931380201988406,-0.41024060255720923,-0.2709176965615415,0.1345044737291477,0.5654922386785546
2019-11-01,0.42431390071873953,0.32934272713261376,0.19790540630549003,-0.06668307437365348,-0.2969852892965359,-0.4112201308248001,-0.27166472911454503,0.13549058174327608,0.5642838103726843
2019-12-01,0.42446568744781227,0.33038750058035415,0.19964122012434798,-0.06383918052428118,-0.29413274639733933,-0.41187298820582785,-0.2739102186368576,0.13462174784843642,0.563416070158346
2020-01-01,0.4243426477665772,0.3316890511400074,0.20247135295175048,-0.059531926159829426,-0.28994805472270685,-0.4128285495909971,-0.278285694770468,0.13246888562237408,0.5620398315734182
2020-02-01,0.424900926206734,0.333249612573059,0.20525946029161576,-0.0546240026570259,-0.28497972178679226,-0.41406615153238685,-0.2836393718257046,0.1297776920136057,0.5597596883078566
2020-03-01,0.42540349265435023,0.3342838574857008,0.20662537793808508,-0.05223777757235714,-0.2820213290611665,-0.41369699922383535,-0.2857515536581113,0.12983872402428331,0.5591690772581159
2020-04-01,0.42404964319574123,0.3348250988903124,0.20724922580611596,-0.05289459797211493,-0.28276124566502153,-0.4158416506769159,-0.2922467172010491,0.1233872586552526,0.5557096484368507
2020-05-01,0.4236918222868367,0.3344968092638986,0.20678171878007023,-0.05253832160184785,-0.2829895356419773,-0.42057888229281837,-0.29954135863543624,0.11572797523783598,0.5504457344387366
2020-06-01,0.4237931027640181,0.3335427281763226,0.20429491471265698,-0.056462655836462546,-0.2872041075623669,-0.42304579787660607,-0.30099478615320957,0.11223317494906006,0.5473354707092094
2020-07-01,0.4239855033865352,0.3325272625083929,0.2015967676698647,-0.06116696913926454,-0.29191806088861627,-0.4241340527677806,-0.3006825862896216,0.10970527289855428,0.5456447050676525
2020-08-01,0.4232852083196449,0.33075017682953367,0.1979583883160649,-0.06721092316404594,-0.2980321656872466,-0.42469916653028184,-0.2986044156999549,0.10864367224800595,0.5454984168785267
2020-09-01,0.4226307076897644,0.3288403364743124,0.19392732522744183,-0.07430977906286423,-0.3047558869496566,-0.4243920880046597,-0.2952143608377559,0.10885430092061518,0.5460146468966579
2020-10-01,0.42210303186592235,0.32690059311463293,0.1899324527146462,-0.08081825722117879,-0.31097795447306553,-0.4236923408868406,-0.291944438209089,0.10925596681425852,0.5467798425657862
2020-11-01,0.4230602580417892,0.3251588110837631,0.18487085345665344,-0.08852378746404281,-0.3178518964619845,-0.4218968136974054,-0.2884274687778958,0.11123260775109584,0.5465237643233836
2020-12-01,0.42455409258242927,0.32422999384105533,0.18006319505555024,-0.09704267704506207,-0.32483836894396767,-0.42023553009552594,-0.28461547826775774,0.11339650339533693,0.5447991318265248
2021-01-01,0.42309391963162657,0.32283311268527665,0.17837415852918442,-0.0985843296026392,-0.3249103492153321,-0.42014374750384664,-0.2874274910990738,0.10949456911616967,0.5463908666433192
2021-02-01,0.42087728540173586,0.321666365512705,0.17772613273768803,-0.09844872101491195,-0.3236469501646727,-0.42031170888302416,-0.29157689870763875,0.10424971573845258,0.5484705634186496
2021-03-01,0.42009953338269224,0.3220467202883584,0.1791691724117139,-0.09592414008017602,-0.32035863191598024,-0.42136011768886117,-0.2987107795536744,0.09557757882780843,0.5476879164198686
2021-04-01,0.4185864242149313,0.32200561170390796,0.18085247877560198,-0.09222023836903899,-0.315906825325378,-0.4225424701681182,-0.306316581048131,0.08695261023608788,0.5478647044802278
2021-05-01,0.4171301417923141,0.3221790199526212,0.18292421263792297,-0.08736028260149128,-0.31007305364162413,-0.42397898834450015,-0.31546855567605475,0.076064169437687,0.5476316177143431
2021-06-01,0.41484614872733266,0.32141479300075304,0.18360966273264123,-0.08511784253589814,-0.3064207176473201,-0.42452674965857606,-0.3213985742180048,0.06821890758062736,0.5491540477130146
2021-07-01,0.4113352830424309,0.31867638850060065,0.18226601613116997,-0.08351502380237784,-0.3028994535223486,-0.42476789543704113,-0.32622568185381534,0.06204624595023489,0.553718528156611
2021-08-01,0.4074106618504608,0.31631845152046845,0.1799471906266957,-0.0833138512940417,-0.3002227485961455,-0.4247463813345907,-0.33044884548614134,0.056462171569969626,0.5583094098019492
2021-09-01,0.4058808040025614,0.3142575628010818,0.17628895977690412,-0.08673710070371476,-0.3022769806353238,-0.4262659859754453,-0.3296727096407559,0.059261025707506555,0.5591348734566992
2021-10-01,0.4033812425984615,0.3126829960913741,0.17445756925871928,-0.0873624604794804,-0.302982304779,-0.4280839895527598,-0.3298345082412157,0.060647022874037816,0.5602876321779218
2021-11-01,0.3981588494449006,0.3110200220366889,0.17565648153862393,-0.08562211382558252,-0.30147099557178925,-0.428791972990641,-0.33156942665518646,0.05708677441950774,0.5644512634764802
2021-12-01,0.393363470792014,0.31060773002571884,0.17660300588515407,-0.08507465752695349,-0.3015517070320215,-0.4286168429103909,-0.33177995378055725,0.0531996740682129,0.5681617074053312
2022-01-01,0.39406901590425175,0.31178456728732695,0.176220332336468,-0.08969685281939174,-0.3052757282276393,-0.42787124828754813,-0.32832563411754584,0.05220899052757321,0.5671069452092549
2022-02-01,0.3988527274726521,0.3128361287503507,0.17315271364252718,-0.09746210395235444,-0.3091044241852964,-0.4249016551645382,-0.3232602180443967,0.05140007972322375,0.5659887242775936
2022-03-01,0.4137108818271543,0.3157275199399598,0.16391097514581346,-0.1120940099779765,-0.3166323697339439,-0.4187642814841609,-0.3137816947313516,0.05369647649061623,0.5592546110832726
2022-04-01,0.4359750281543349,0.32077693917695693,0.15132950505734427,-0.13556565841239596,-0.32837362576977996,-0.4080705029265807,-0.2984443655241817,0.05725987340445576,0.5468553349845217
2022-05-01,0.4620802792089384,0.3251918951254739,0.13121247935506267,-0.16308533875486497,-0.3380240201024607,-0.3922495014107635,-0.27874690991905166,0.05783773261130879,0.5364266509312724
2022-06-01,0.4806559788364967,0.3259992263185354,0.11548449450805653,-0.18158356250328442,-0.3444300182662427,-0.3816942188648254,-0.26453529006649507,0.060818322693916634,0.5276218091983121
2022-07-01,0.4965670327213076,0.322776831891625,0.1034524457790002,-0.18985888450007457,-0.3461221202608962,-0.37593769891415163,-0.25794573365608653,0.0599103475496378,0.5207999302932285
2022-08-01,0.5003019035260353,0.32245546432281935,0.10350655943026567,-0.18875726714115,-0.34509154794172286,-0.3770638971943357,-0.26002381418604914,0.055121895286472364,0.5171667031053572
2022-09-01,0.5003829922095611,0.32294771675340667,0.10477046679226366,-0.18697465281083936,-0.34292776579469775,-0.3791483331335317,-0.26393023742500155,0.04930384317920409,0.515695948786908
2022-10-01,0.503479603318732,0.3233379677202892,0.10406919929239475,-0.18863884812235762,-0.342676776524066,-0.3801970831574791,-0.2673354184898001,0.040173938230469226,0.5103787494672892
2022-11-01,0.5046683690870558,0.32369692862106203,0.10318982707561576,-0.1915501212180509,-0.34305976895195833,-0.38217647510698377,-0.27209520522338104,0.028281682324600117,0.5045850065494636
2022-12-01,0.5036375965142902,0.3236351818466846,0.10578854964753051,-0.19120003656817902,-0.3441600373575096,-0.38617216700888907,-0.27599382340506057,0.017558361437241526,0.49980477061328915
2023-01-01,0.5023421326337875,0.3265963122146406,0.10879568027767988,-0.19353126972813264,-0.34837758505231387,-0.3885660597151896,-0.2746781248690348,0.012630439035119935,0.4936985450837486
2023-02-01,0.5028452869152282,0.3268275790273121,0.1089610744928228,-0.19832787584020742,-0.3542454037157031,-0.38798566530214046,-0.2707545135559132,0.009350928346434579,0.4895975489306321
2023-03-01,0.5040705016039437,0.32701290398720523,0.10810412095437778,-0.20189171083880125,-0.35911970202545274,-0.3877833134247037,-0.26785867226230053,0.004250697094882796,0.48520050585346586
2023-04-01,0.5090221163668744,0.3298213995950763,0.10096622396329963,-0.21119639435313275,-0.3647296634608648,-0.3843470377529876,-0.2603073708610928,0.0018636486069404,0.47833300189391575
2023-05-01,0.5153653617130802,0.32993312666540725,0.0964958650456227,-0.2243303935996439,-0.3725123166615908,-0.3785376376730201,-0.2492866191096225,0.002477652038789451,0.4708513268381781
2023-06-01,0.51676165810382,0.3299318939520442,0.09408794338613458,-0.2359602363706297,-0.38057734561960893,-0.37450199793947503,-0.2392639890001009,0.0033892777822305312,0.46607183323243295
2023-07-01,0.515390256461414,0.3278010738913445,0.09339928869798604,-0.23805941166708272,-0.38426106087294104,-0.3747321616303493,-0.23684435015183017,0.0005242910372642647,0.46620526803594337
2023-08-01,0.5129062956458065,0.32532925478285013,0.0921549868582502,-0.2388367205579283,-0.38562017121909664,-0.37510707776102564,-0.2371126957064713,-0.004360677147670658,0.46893795428796753
2023-09-01,0.5105354520390263,0.3215275541296613,0.08849835375773529,-0.24043554083133914,-0.38714609650627285,-0.37545440118549883,-0.23699247620966948,-0.008281599844556245,0.47249365090806783
2023-10-01,0.5080998342626397,0.31734860813138843,0.0848103694095997,-0.2430508643167668,-0.38923467833789244,-0.37558113839729224,-0.2358195210742324,-0.011575121224400324,0.4759708411690558
2023-11-01,0.5089106429839388,0.3123870087421884,0.07582848054888951,-0.2528652867006879,-0.39483792269942597,-0.3717579457757863,-0.22804704142379337,-0.009908791599366515,0.47699990549692195
2023-12-01,0.5092343809445617,0.3052965101635413,0.06490086121745868,-0.26329053921490836,-0.3992998594413434,-0.36580856619763236,-0.2197031613320167,-0.008035099355438875,0.48202700084616473
2024-01-01,0.5067730817921169,0.29891450508571593,0.05333020397652039,-0.2715279789753137,-0.40127607239338725,-0.36085144619962856,-0.21295863107853732,-0.005836656412470554,0.49054858127298506
2024-02-01,0.5055906777301324,0.2924197759784603,0.042085076100317774,-0.2786442945375564,-0.40275954450096524,-0.3561195002058065,-0.20736166633184458,-0.003225828233831314,0.4974025823769095
2024-03-01,0.5036772657186065,0.2849186849150676,0.02948292408788065,-0.28596064911367747,-0.4044487996673405,-0.3506281323191724,-0.20036924759449468,-0.000293576411350493,0.5057874840637442
2024-04-01,0.4994971687985417,0.2783520189620308,0.019747397563165868,-0.29111805139776437,-0.40569959539993283,-0.3472900007644025,-0.19545791252202513,0.003338752900997944,0.51426219301524
2024-05-01,0.49456525136008994,0.27178618896066786,0.012098597974882224,-0.29425096778667237,-0.40664870249762985,-0.3448711388606918,-0.19232873519819205,0.00614289564768111,0.5229532716305206
2024-06-01,0.4893548834423127,0.2653249924862122,0.0046137700302920056,-0.2973254028442811,-0.4080748118833331,-0.34246130729408747,-0.18819153989287604,0.009568525713007852,0.5314116604894736
2024-07-01,0.4833449857511759,0.25797549508212103,-0.0018439696155440291,-0.29985009725160255,-0.4092748625331168,-0.3407099011440016,-0.18457328284836802,0.01400022109666986,0.5404260679032377
2024-08-01,0.4784540961522399,0.25191179952556253,-0.007870317641633522,-0.3024612717823731,-0.4106643347257788,-0.3391011552715768,-0.18141403752065632,0.019575298851557264,0.5469445361734466
2024-09-01,0.47550365645203885,0.24588212144640706,-0.017541309077851452,-0.30714825714349153,-0.41168259120584944,-0.3356745674363379,-0.17652968499072705,0.027777081165426452,0.5519929697168034
2024-10-01,0.47313282828222336,0.23987699398855464,-0.026735240603610173,-0.3122518608644487,-0.4125345133783063,-0.33205215207763134,-0.17149903357776655,0.035831945048191496,0.5561017475440339
2024-11-01,0.47092409608861674,0.2338516545987715,-0.03212333412213044,-0.3141742043149975,-0.4130486449319372,-0.3300999334908726,-0.16866721369463392,0.040533602274062434,0.560481765138566
2024-12-01,0.4675931094209055,0.22831136978988115,-0.03678309272759614,-0.31636940143393394,-0.41414944009874094,-0.32833432303039756,-0.1650304636696418,0.04543956484425357,0.5649469125203744
